xi,chosen,rejected,best_V,worst_V,delta_V,rel_V
C:/Users/moham/Downloads/wildfire codes/io/psps_1762883572_8708.json,open(125); open(131); open(141),open(41); open(128); open(S6:136),11934.694701513603,12010.086462909709,75.39176139610572,1.0063170247150557
C:/Users/moham/Downloads/wildfire codes/io/psps_1762883572_3021.json,open(41); open(128); open(S6:136),open(S2:15); open(S1:34); open(S3:70),12016.985857668333,14954.74476558902,2937.7589079206864,1.2444672019020502
C:/Users/moham/Downloads/wildfire codes/io/psps_1762883572_8378.json,open(105); open(128); open(S6:136),open(105); open(128); open(S130:132),12361.28045148732,12874.535898851947,513.2554473646269,1.0415212201825639
C:/Users/moham/Downloads/wildfire codes/io/psps_1762883572_9002.json,open(131); open(149),open(118); open(131); open(149),12086.41970043824,14472.878275313758,2386.458574875518,1.1974495867282342
C:/Users/moham/Downloads/wildfire codes/io/psps_1762883572_9002.json,open(131); open(149),open(118); open(131); open(S7:150),12086.41970043824,14439.684200568181,2353.2645001299406,1.1947031923808349
C:/Users/moham/Downloads/wildfire codes/io/psps_1762883572_9002.json,open(118); open(131); open(S7:150),open(118); open(131); open(149),14439.684200568181,14472.878275313758,33.19407474557738,1.0022988089133051
C:/Users/moham/Downloads/wildfire codes/io/psps_1762883572_564.json,open(131); open(S7:149),open(131),11827.708607092292,11827.884644525117,0.17603743282415962,1.000014883477322
C:/Users/moham/Downloads/wildfire codes/io/psps_1762883572_564.json,open(131); open(S7:149),open(131); open(149); open(S7:150),11827.708607092292,11827.758631911198,0.0500248189055128,1.0000042294598699
C:/Users/moham/Downloads/wildfire codes/io/psps_1762883572_564.json,open(131); open(149); open(S7:150),open(131),11827.758631911198,11827.884644525117,0.12601261391864682,1.0000106539723916
C:/Users/moham/Downloads/wildfire codes/io/psps_1762883572_8133.json,open(131); open(149),open(S3:70); open(S3:71); open(S3:72),11925.51826093855,18481.251408911005,6555.733147972454,1.549723123517863
C:/Users/moham/Downloads/wildfire codes/io/psps_1762883572_8133.json,open(131); open(149),open(131); open(S7:150),11925.51826093855,11925.908396410998,0.3901354724475823,1.0000327143411223
C:/Users/moham/Downloads/wildfire codes/io/psps_1762883572_8133.json,open(131); open(149),open(131),11925.51826093855,11925.885016840448,0.36675590189770446,1.0000307538753346
C:/Users/moham/Downloads/wildfire codes/io/psps_1762883572_8133.json,open(131); open(149),open(131); open(149); open(S7:150),11925.51826093855,11925.615942696422,0.09768175787212385,1.0000081909863987
C:/Users/moham/Downloads/wildfire codes/io/psps_1762883572_4437.json,open(131); open(149),open(S4:96); open(S7:150); open(S1:34),11786.48262147758,13833.365662150924,2046.8830406733432,1.173663603163803
C:/Users/moham/Downloads/wildfire codes/io/psps_1762883572_4437.json,open(131); open(149),open(131); open(141); open(S7:150),11786.48262147758,11790.057859337681,3.5752378601009696,1.0003033337404312
C:/Users/moham/Downloads/wildfire codes/io/psps_1762883572_4437.json,open(131); open(149),open(131),11786.48262147758,11786.72769579278,0.24507431520032696,1.0000207928287914
C:/Users/moham/Downloads/wildfire codes/io/psps_1762883572_4437.json,open(131); open(149),open(131); open(149); open(S7:150),11786.48262147758,11786.553727493732,0.0711060161520436,1.0000060328444402
C:/Users/moham/Downloads/wildfire codes/io/psps_1762883572_9528.json,open(105); open(128); open(S6:136),open(41); open(128); open(S6:136),13982.456606775522,14044.388620966936,61.932014191414055,1.004429265609979
C:/Users/moham/Downloads/wildfire codes/io/psps_1762883572_2976.json,open(105); open(128); open(S6:135),open(105); open(128); open(S6:136),14593.713628868412,14594.188178219136,0.47454935072346416,1.000032517381305
C:/Users/moham/Downloads/wildfire codes/io/psps_1762883572_4541.json,open(125); open(131); open(141),open(S1:34); open(S2:15); open(S3:70),11919.24530986184,14951.905324466648,3032.6600146048077,1.254433895415813
C:/Users/moham/Downloads/wildfire codes/io/psps_1762883572_4541.json,open(125); open(131); open(141),open(37); open(S5:123); open(131),11919.24530986184,12187.82309313114,268.5777832692984,1.0225331198651546
C:/Users/moham/Downloads/wildfire codes/io/psps_1762883572_4541.json,open(37); open(S5:123); open(131),open(S1:34); open(S2:15); open(S3:70),12187.82309313114,14951.905324466648,2764.0822313355093,1.2267904785140262
C:/Users/moham/Downloads/wildfire codes/io/psps_1762883572_7547.json,open(105); open(128); open(S6:136),open(105); open(128); open(S1:41),11917.054518489816,12030.051224241146,112.9967057513295,1.0094819324335564
C:/Users/moham/Downloads/wildfire codes/io/psps_1762883572_7349.json,open(S4:99); open(118); open(S7:131),open(118); open(131); open(149),14197.254915670694,14213.197310072295,15.942394401601632,1.0011229209094503
C:/Users/moham/Downloads/wildfire codes/io/psps_1762883572_7349.json,open(S4:99); open(118); open(S7:131),open(118); open(131); open(S7:149),14197.254915670694,14213.197310072295,15.942394401601632,1.0011229209094503
C:/Users/moham/Downloads/wildfire codes/io/psps_1762883572_7349.json,open(S4:99); open(118); open(S7:131),open(118); open(S6:135); open(149),14197.254915670694,14213.10515389519,15.850238224496934,1.0011164297829858
C:/Users/moham/Downloads/wildfire codes/io/psps_1762883572_7349.json,open(S4:99); open(118); open(S7:131),open(118); open(131),14197.254915670694,14204.600032032085,7.345116361391774,1.0005173617297864
C:/Users/moham/Downloads/wildfire codes/io/psps_1762883572_1932.json,open(105); open(128); open(S6:136),open(105); open(128); open(S3:71),11871.623177169706,15896.784016814192,4025.1608396444863,1.339057328519765
C:/Users/moham/Downloads/wildfire codes/io/psps_1762883572_6334.json,open(105); open(128); open(S6:136),open(119); open(S5:123); open(125),11775.752926115494,13762.94620302893,1987.1932769134364,1.1687529697151142
C:/Users/moham/Downloads/wildfire codes/io/psps_1762883572_9170.json,open(S7:150),open(131); open(149); open(S7:150),12700.112093323482,13169.067206336227,468.95511301274564,1.0369252735382768
C:/Users/moham/Downloads/wildfire codes/io/psps_1762883572_9170.json,open(S7:150),open(131); open(S7:150),12700.112093323482,12846.216176542144,146.1040832186627,1.0115041569826357
C:/Users/moham/Downloads/wildfire codes/io/psps_1762883572_9170.json,open(S7:150),open(131),12700.112093323482,12705.28894524229,5.176851918808097,1.0004076225375624
C:/Users/moham/Downloads/wildfire codes/io/psps_1762883572_9170.json,open(131),open(131); open(149); open(S7:150),12705.28894524229,13169.067206336227,463.77826109393754,1.0365027716483068
C:/Users/moham/Downloads/wildfire codes/io/psps_1762883572_8534.json,open(S4:105); open(128); open(S6:136),open(131); open(149),13223.165203592996,13287.390172617603,64.22496902460625,1.004857004207068
C:/Users/moham/Downloads/wildfire codes/io/psps_1762883572_6051.json,open(131); open(149),open(S1:34); open(S2:15); open(S3:70),11827.708607092292,14861.623369815146,3033.914762722854,1.2565090892502726
C:/Users/moham/Downloads/wildfire codes/io/psps_1762883572_6051.json,open(131); open(149),open(131),11827.708607092292,11827.884644525117,0.17603743282415962,1.000014883477322
C:/Users/moham/Downloads/wildfire codes/io/psps_1762883572_6051.json,open(131); open(149),open(131); open(149); open(S7:150),11827.708607092292,11827.758631911198,0.0500248189055128,1.0000042294598699
C:/Users/moham/Downloads/wildfire codes/io/psps_1762883572_6051.json,open(131); open(149); open(S7:150),open(S1:34); open(S2:15); open(S3:70),11827.758631911198,14861.623369815146,3033.8647379039485,1.2565037749179804
C:/Users/moham/Downloads/wildfire codes/io/psps_1762883572_6521.json,open(131),open(131); open(149); open(S7:150),14294.908808811517,14312.086889763956,17.178080952438904,1.0012016922375784
C:/Users/moham/Downloads/wildfire codes/io/psps_1762883572_6521.json,open(131),open(131); open(S7:150),14294.908808811517,14294.958444113532,0.04963530201530375,1.000003472236352
C:/Users/moham/Downloads/wildfire codes/io/psps_1762883572_6521.json,open(131); open(S7:150),open(131); open(149); open(S7:150),14294.958444113532,14312.086889763956,17.1284456504236,1.0011982158407378
C:/Users/moham/Downloads/wildfire codes/io/psps_1762883572_350.json,open(105); open(128); open(S6:136),open(105); open(128); open(132),15868.3461950813,16381.647778590055,513.3015835087554,1.0323475160674187
C:/Users/moham/Downloads/wildfire codes/io/psps_1762883572_4534.json,open(118); open(S1:41); open(128),open(118); open(131); open(149),14138.46056639447,14193.376451098013,54.91588470354327,1.0038841488042958
C:/Users/moham/Downloads/wildfire codes/io/psps_1762883572_4534.json,open(118); open(S1:41); open(128),open(118); open(131); open(S7:149),14138.46056639447,14193.376451098013,54.91588470354327,1.0038841488042958
C:/Users/moham/Downloads/wildfire codes/io/psps_1762883572_4534.json,open(118); open(S1:41); open(128),open(118); open(131),14138.46056639447,14184.819040018803,46.35847362433378,1.0032788911781898
C:/Users/moham/Downloads/wildfire codes/io/psps_1762883572_4534.json,open(118); open(S1:41); open(128),open(118); open(131); open(S6:135),14138.46056639447,14179.015132608856,40.554566214386796,1.0028683862733105
C:/Users/moham/Downloads/wildfire codes/io/psps_1762883572_6688.json,open(131),open(131); open(141); open(S7:150),11981.25371854441,12939.346297613749,958.0925790693382,1.0799659703046283
C:/Users/moham/Downloads/wildfire codes/io/psps_1762883572_6688.json,open(131),open(131); open(149); open(S7:150),11981.25371854441,12477.085086852012,495.8313683076012,1.0413839302593317
C:/Users/moham/Downloads/wildfire codes/io/psps_1762883572_6688.json,open(131),open(131); open(149),11981.25371854441,12119.249377319571,137.99565877516034,1.0115176309605707
C:/Users/moham/Downloads/wildfire codes/io/psps_1762883572_6688.json,open(131); open(149),open(131); open(141); open(S7:150),12119.249377319571,12939.346297613749,820.0969202941778,1.067668953312318
C:/Users/moham/Downloads/wildfire codes/io/psps_1762883572_5364.json,open(131); open(149); open(S7:150),open(131); open(141); open(S7:150),13852.897824683272,13856.05154761384,3.1537229305686196,1.0002276579940517
C:/Users/moham/Downloads/wildfire codes/io/psps_1762883572_5745.json,open(131); open(149); open(S7:150),open(S6:135); open(S7:150); open(S1:34),11819.608127956413,12371.870751397306,552.2626234408926,1.0467242752434955
C:/Users/moham/Downloads/wildfire codes/io/psps_1762883572_5745.json,open(131); open(149); open(S7:150),open(131); open(147); open(S7:150),11819.608127956413,12341.282407198809,521.6742792423956,1.044136343066104
C:/Users/moham/Downloads/wildfire codes/io/psps_1762883572_5745.json,open(131); open(149); open(S7:150),open(S6:135); open(S7:150); open(S9:5),11819.608127956413,11846.962891960316,27.354764003903256,1.002314354563008
C:/Users/moham/Downloads/wildfire codes/io/psps_1762883572_5745.json,open(131); open(149); open(S7:150),open(131); open(141); open(S7:150),11819.608127956413,11836.93526657779,17.327138621376434,1.0014659655746447
C:/Users/moham/Downloads/wildfire codes/io/psps_1762883572_5913.json,open(118); open(131),open(118); open(S1:41); open(128),14298.684339012509,14914.832075093676,616.1477360811677,1.0430912188473223
C:/Users/moham/Downloads/wildfire codes/io/psps_1762883572_5913.json,open(118); open(131),open(118); open(131); open(149),14298.684339012509,14472.878275313758,174.19393630124978,1.0121825149902763
C:/Users/moham/Downloads/wildfire codes/io/psps_1762883572_5913.json,open(118); open(131),open(118); open(131); open(S7:150),14298.684339012509,14439.684200568181,140.9998615556724,1.0098610374362185
C:/Users/moham/Downloads/wildfire codes/io/psps_1762883572_5913.json,open(118); open(131); open(S7:150),open(118); open(S1:41); open(128),14439.684200568181,14914.832075093676,475.14787452549535,1.0329056971001345
C:/Users/moham/Downloads/wildfire codes/io/psps_1762883572_4243.json,open(105); open(128); open(S6:136),open(34); open(15); open(70),11927.690442734924,14950.876193134012,3023.1857503990886,1.2534594408627104
C:/Users/moham/Downloads/wildfire codes/io/psps_1762883572_8138.json,open(131); open(S7:149),open(131); open(141); open(S7:149),12342.267142784976,12518.652565825878,176.38542304090151,1.0142911687942204
C:/Users/moham/Downloads/wildfire codes/io/psps_1762883572_8138.json,open(131); open(S7:149),open(131),12342.267142784976,12342.303504679201,0.036361894224683056,1.0000029461276283
C:/Users/moham/Downloads/wildfire codes/io/psps_1762883572_8138.json,open(131); open(S7:149),open(131); open(149); open(S7:150),12342.267142784976,12342.303338192181,0.03619540720501391,1.0000029326384519
C:/Users/moham/Downloads/wildfire codes/io/psps_1762883572_8138.json,open(131); open(S7:149),open(131); open(149),12342.267142784976,12342.267142784976,0.0,1.0
